,symbol,name
0,SH600030,中信证券
1,SH600519,贵州茅台
2,SH601318,中国平安
3,SH601990,南京证券
4,SH601788,光大证券
5,SH600584,长电科技
6,SH603986,兆易创新
7,SH600745,闻泰科技
8,SH601878,浙商证券
9,SH600536,中国软件
10,SH600703,三安光电
11,SH600036,招商银行
12,SH600050,中国联通
13,SH600760,中航沈飞
14,SH601888,中国中免
15,SH600918,中泰证券
16,SH601377,兴业证券
17,SH603799,华友钴业
18,SH600196,复星医药
19,SH601108,财通证券
20,SH603019,中科曙光
21,SH600418,江淮汽车
22,SH601696,中银证券
23,SH600109,国金证券
24,SH601688,华泰证券
25,SH600276,恒瑞医药
26,SH600585,海螺水泥
27,SH600127,金健米业
28,SH600859,王府井
29,SH601166,兴业银行
30,SH600827,百联股份
31,SH603005,晶方科技
32,SH600380,健康元
33,SH601162,天风证券
34,SH601066,中信建投
35,SH600415,小商品城
36,SH603993,洛阳钼业
37,SH601012,隆基股份
38,SH600598,北大荒
39,SH601236,红塔证券
40,SH600570,恒生电子
41,SH600143,金发科技
42,SH603160,汇顶科技
43,SH600621,华鑫股份
44,SH601899,紫金矿业
45,SH600887,伊利股份
46,SH600739,辽宁成大
47,SH601398,工商银行
48,SH600031,三一重工
49,SH600048,保利地产
50,SH600837,海通证券
51,SH600111,北方稀土
52,SH601099,太平洋
53,SH600588,用友网络
54,SH600410,华胜天成
55,SH603501,韦尔股份
56,SH600104,上汽集团
57,SH600909,华安证券
58,SH600438,通威股份
59,SH600547,山东黄金
60,SH601519,大智慧
61,SH600183,生益科技
62,SH600606,绿地控股
63,SH600529,山东药玻
64,SH600511,国药股份
65,SH601698,中国卫通
66,SH600515,海航基础
67,SH603259,药明康德
68,SH600641,万业企业
69,SH600893,航发动力
70,SH600118,中国卫星
71,SH600095,哈高科
72,SH600667,太极实业
73,SH601360,三六零
74,SH601668,中国建筑
75,SH601211,国泰君安
76,SH600498,烽火通信
77,SH600185,格力地产
78,SH600522,中天科技
79,SH601601,中国太保
80,SH601628,中国人寿
81,SH600895,张江高科
82,SH600352,浙江龙盛
83,SH601989,中国重工
84,SH603392,万泰生物
85,SH600009,上海机场
86,SH601336,新华保险
87,SH601881,中国银河
88,SH601288,农业银行
89,SH600660,福耀玻璃
0,SH600436,片仔癀
1,SH600685,中船防务
2,SH600061,国投资本
3,SH601933,永辉超市
4,SH600699,均胜电子
5,SH600298,安琪酵母
6,SH601138,工业富联
7,SH601328,XD交通银
8,SH601816,京沪高铁
9,SH600459,贵研铂业
10,SH600038,中直股份
11,SH603301,振德医疗
12,SH600975,新五丰
13,SH600016,民生银行
14,SH603128,华贸物流
15,SH600801,华新水泥
16,SH600316,洪都航空
17,SH600516,方大炭素
18,SH600206,有研新材
19,SH600068,葛洲坝
20,SH600487,亨通光电
21,SH600884,杉杉股份
22,SH603690,至纯科技
23,SH600208,新湖中宝
24,SH600360,华微电子
25,SH601555,东吴证券
26,SH601669,中国电建
27,SH600211,西藏药业
28,SH600425,青松建化
29,SH601818,光大银行
30,SH600834,申通地铁
31,SH600309,万华化学
32,SH600028,中国石化
33,SH600383,金地集团
34,SH600559,老白干酒
35,SH603290,斯达半导
36,SH601939,建设银行
37,SH600682,南京新百
38,SH600198,大唐电信
39,SH600779,水井坊
40,SH600988,赤峰黄金
41,SH601872,招商轮船
42,SH603650,彤程新材
43,SH601952,苏垦农发
44,SH601319,中国人保
45,SH600072,中船科技
46,SH600789,鲁抗医药
47,SH600711,XD盛屯矿
48,SH600967,内蒙一机
49,SH601186,中国铁建
50,SH603000,人民网
51,SH601179,中国西电
52,SH601231,环旭电子
53,SH600741,华域汽车
54,SH600446,金证股份
55,SH600330,天通股份
56,SH600958,东方证券
57,SH601901,方正证券
58,SH600867,通化东宝
59,SH600171,上海贝岭
60,SH603718,海利生物
61,SH600900,长江电力
62,SH603609,禾丰牧业
63,SH601609,金田铜业
64,SH600804,鹏博士
65,SH600489,中金黄金
66,SH600362,江西铜业
67,SH600809,山西汾酒
68,SH603589,口子窖
69,SH600037,歌华有线
70,SH600406,国电南瑞
71,SH601088,中国神华
72,SH600546,山煤国际
73,SH600986,科达股份
74,SH600000,浦发银行
75,SH600150,中国船舶
76,SH600586,金晶科技
77,SH603444,吉比特
78,SH600359,新农开发
79,SH600107,美尔雅
80,SH603858,步长制药
81,SH603429,集友股份
82,SH601916,浙商银行
83,SH600340,华夏幸福
84,SH600702,舍得酒业
85,SH600176,中国巨石
86,SH600318,新力金融
87,SH600812,华北制药
88,SH600089,特变电工
89,SH600879,航天电子
0,SH601778,晶科科技
1,SH600260,凯乐科技
2,SH601857,中国石油
3,SH600371,万向德农
4,SH600604,市北高新
5,SH600126,杭钢股份
6,SH601198,东兴证券
7,SH600026,中远海能
8,SH600690,海尔智家
9,SH600326,西藏天路
10,SH603883,老百姓
11,SH600527,江南高纤
12,SH601636,旗滨集团
13,SH600010,包钢股份
14,SH600581,八一钢铁
15,SH600216,浙江医药
16,SH601800,中国交建
17,SH600720,祁连山
18,SH603606,东方电缆
19,SH600486,扬农化工
20,SH600673,东阳光
21,SH601607,上海医药
22,SH601988,中国银行
23,SH603866,桃李面包
24,SH603538,美诺华
25,SH600332,白云山
26,SH600600,青岛啤酒
27,SH601169,北京银行
28,SH601766,中国中车
29,SH600369,西南证券
30,SH603093,南华期货
31,SH603069,海汽集团
32,SH601111,中国国航
33,SH600535,天士力
34,SH600291,西水股份
35,SH605168,三人行
36,SH600392,盛和资源
37,SH600116,三峡水利
38,SH600131,国网信通
39,SH600718,东软集团
40,SH603882,金域医学
41,SH603881,数据港
42,SH601890,亚星锚链
43,SH600391,航发科技
44,SH603976,正川股份
45,SH600305,恒顺醋业
46,SH603893,瑞芯微
47,SH603288,海天味业
48,SH600338,西藏珠峰
49,SH603078,江化微
50,SH600223,鲁商发展
51,SH603678,火炬电子
52,SH600845,宝信软件
53,SH600521,华海药业
54,SH600268,国电南自
55,SH600864,哈投股份
56,SH600283,钱江水利
57,SH603363,傲农生物
58,SH600728,佳都科技
59,SH601689,拓普集团
60,SH600502,安徽建工
61,SH600993,马应龙
62,SH601375,中原证券
63,SH600075,新疆天业
64,SH600346,恒力石化
65,SH600161,天坛生物
66,SH600073,上海梅林
67,SH603601,再升科技
68,SH600862,中航高科
69,SH601606,长城军工
70,SH603605,珀莱雅
71,SH601155,新城控股
72,SH601168,西部矿业
73,SH601390,中国中铁
74,SH600640,号百控股
75,SH600645,中源协和
76,SH600019,宝钢股份
77,SH600848,上海临港
78,SH603707,健友股份
79,SH600705,中航资本
80,SH603127,昭衍新药
81,SH600549,厦门钨业
82,SH600873,梅花生物
83,SH600552,凯盛科技
84,SH600655,豫园股份
85,SH600197,伊力特
86,SH601658,邮储银行
87,SH603228,景旺电子
88,SH600855,航天长峰
89,SH600597,光明乳业
0,SH601118,海南橡胶
1,SH600055,万东医疗
2,SH603195,公牛集团
3,SH600977,中国电影
4,SH603658,安图生物
5,SH600155,华创阳安
6,SH600580,卧龙电驱
7,SH603012,创力集团
8,SH600273,嘉化能源
9,SH603659,璞泰来
10,SH600572,康恩贝
11,SH603026,石大胜华
12,SH601238,广汽集团
13,SH600643,爱建集团
14,SH600201,生物股份
15,SH600195,中牧股份
16,SH601600,中国铝业
17,SH600239,云南城投
18,SH603138,海量数据
19,SH600271,航天信息
20,SH601020,华钰矿业
21,SH603598,引力传媒
22,SH603369,今世缘
23,SH601128,XD常熟银
24,SH600094,大名城
25,SH600723,首商股份
26,SH603686,龙马环卫
27,SH600662,强生控股
28,SH600282,南钢股份
29,SH600503,华丽家族
30,SH600313,农发种业
31,SH600018,上港集团
32,SH603393,新天然气
33,SH603719,良品铺子
34,SH603439,贵州三力
35,SH600885,宏发股份
36,SH600079,人福医药
37,SH601865,福莱特
38,SH603533,掌阅科技
39,SH600056,中国医药
40,SH600188,兖州煤业
41,SH600540,新赛股份
42,SH601727,上海电气
43,SH600802,福建水泥
44,SH600138,中青旅
45,SH603590,康辰药业
46,SH600426,华鲁恒升
47,SH600085,同仁堂
48,SH600763,通策医疗
49,SH603520,司太立
50,SH603200,上海洗霸
51,SH600160,巨化股份
52,SH600017,日照港
53,SH600919,江苏银行
54,SH603888,新华网
55,SH603733,仙鹤股份
56,SH600259,广晟有色
57,SH600435,北方导航
58,SH600422,昆药集团
59,SH600566,济川药业
60,SH600729,重庆百货
61,SH601009,南京银行
62,SH603198,迎驾贡酒
63,SH600872,中炬高新
64,SH600246,万通地产
65,SH601966,玲珑轮胎
66,SH600776,东方通信
67,SH603815,交建股份
68,SH600029,南方航空
69,SH603083,剑桥科技
70,SH600497,驰宏锌锗
71,SH601877,正泰电器
72,SH601789,宁波建工
73,SH603336,宏辉果蔬
74,SH600004,白云机场
75,SH600120,浙江东方
76,SH603305,旭升股份
77,SH603387,基蛋生物
78,SH603030,全筑股份
79,SH603258,电魂网络
80,SH600633,浙数文化
81,SH600051,宁波联合
82,SH600833,第一医药
83,SH603068,博通集成
84,SH600064,南京高科
85,SH600695,绿庭投资
86,SH600513,联环药业
87,SH600908,无锡银行
88,SH600637,东方明珠
89,SH600062,华润双鹤
0,SH601077,渝农商行
1,SH600984,建设机械
2,SH600153,建发股份
3,SH600712,南宁百货
4,SH601618,中国中冶
5,SH600635,大众公用
6,SH600015,华夏银行
7,SH600221,海航控股
8,SH600372,中航电子
9,SH603466,风语筑
10,SH600315,上海家化
11,SH600609,金杯汽车
12,SH601208,东材科技
13,SH600390,五矿资本
14,SH600312,平高电气
15,SH603079,圣达生物
16,SH600622,光大嘉宝
17,SH603613,国联股份
18,SH601827,三峰环境
19,SH601298,青岛港
20,SH601229,上海银行
21,SH601985,中国核电
22,SH603003,龙宇燃油
23,SH603027,千禾味业
24,SH600517,国网英大
25,SH600850,华东电脑
26,SH603559,中通国脉
27,SH601100,恒立液压
28,SH603777,来伊份
29,SH603108,润达医疗
30,SH601615,明阳智能
31,SH600998,九州通
32,SH600754,锦江酒店
33,SH603233,大参林
34,SH600562,国睿科技
35,SH600219,南山铝业
36,SH600783,鲁信创投
37,SH600496,精工钢构
38,SH600594,益佰制药
39,SH600839,四川长虹
40,SH600066,宇通客车
41,SH601137,博威合金
42,SH600556,天下秀
43,SH601225,陕西煤业
44,SH603105,芯能科技
45,SH601975,招商南油
46,SH600886,国投电力
47,SH601880,大连港
48,SH603283,赛腾股份
49,SH601117,中国化学
50,SH601233,桐昆股份
51,SH603588,高能环境
52,SH600811,东方集团
53,SH603236,移远通信
54,SH600765,中航重机
55,SH600456,宝钛股份
56,SH600523,贵航股份
57,SH600737,中粮糖业
58,SH601011,宝泰隆
59,SH603232,格尔软件
60,SH600230,沧州大化
61,SH603118,共进股份
62,SH600861,北京城乡
63,SH600114,东睦股份
64,SH601006,大秦铁路
65,SH600108,亚盛集团
66,SH600467,好当家
67,SH603939,益丰药房
68,SH600233,圆通速递
69,SH601038,一拖股份
70,SH600373,中文传媒
71,SH600624,复旦复华
72,SH603517,绝味食品
73,SH600668,尖峰集团
74,SH601997,贵阳银行
75,SH600732,爱旭股份
76,SH600507,方大特钢
77,SH601718,际华集团
78,SH603229,奥翔药业
79,SH601058,赛轮轮胎
80,SH600676,交运股份
81,SH601777,力帆股份
82,SH603239,浙江仙通
83,SH603801,志邦家居
84,SH600325,华发股份
85,SH601908,京运通
86,SH603197,保隆科技
87,SH603338,浙江鼎力
88,SH601838,成都银行
89,SH603712,七一二
0,SH603688,石英股份
1,SH601222,林洋能源
2,SH600550,保变电气
3,SH600258,首旅酒店
4,SH600926,杭州银行
5,SH603636,南威软件
6,SH600797,浙大网新
7,SH600093,易见股份
8,SH603713,密尔克卫
9,SH600751,海航科技
10,SH603825,华扬联众
11,SH600070,浙江富润
12,SH600966,博汇纸业
13,SH600755,厦门国贸
14,SH600875,东方电气
15,SH603596,伯特利
16,SH601860,紫金银行
17,SH603983,丸美股份
18,SH600777,新潮能源
19,SH603289,泰瑞机器
20,SH600053,九鼎投资
21,SH603308,应流股份
22,SH600838,上海九百
23,SH603189,网达软件
24,SH603368,柳药股份
25,SH600567,山鹰纸业
26,SH603920,世运电路
27,SH603328,依顿电子
28,SH601808,中海油服
29,SH601216,君正集团
30,SH603103,横店影视
31,SH600057,厦门象屿
32,SH601608,中信重工
33,SH600199,金种子酒
34,SH603113,金能科技
35,SH600025,华能水电
36,SH600100,同方股份
37,SH600157,永泰能源
38,SH603317,天味食品
39,SH601700,风范股份
40,SH603109,神驰机电
41,SH601106,中国一重
42,SH600771,广誉远
43,SH603212,赛伍技术
44,SH601021,春秋航空
45,SH600110,诺德股份
46,SH600482,中国动力
47,SH603499,翔港科技
48,SH600601,方正科技
49,SH603267,鸿远电子
50,SH601633,长城汽车
51,SH600532,宏达矿业
52,SH601001,大同煤业
53,SH603960,克来机电
54,SH603186,华正新材
55,SH600551,时代出版
56,SH600059,古越龙山
57,SH600393,粤泰股份
58,SH601595,上海电影
59,SH603927,中科软
60,SH603218,日月股份
61,SH600733,北汽蓝谷
62,SH600115,东方航空
63,SH600366,宁波韵升
64,SH603887,城地股份
65,SH600060,海信视像
66,SH600132,重庆啤酒
67,SH600814,杭州解百
68,SH600831,广电网络
69,SH603655,朗博科技
70,SH600782,新钢股份
71,SH603383,顶点软件
72,SH601998,中信银行
73,SH600750,江中药业
74,SH600343,航天动力
75,SH601699,潞安环能
76,SH605166,聚合顺
77,SH603833,欧派家居
78,SH603890,春秋电子
79,SH600297,广汇汽车
80,SH600466,蓝光发展
81,SH603806,福斯特
82,SH600222,太龙药业
83,SH603985,恒润股份
84,SH603990,麦迪科技
85,SH600820,隧道股份
86,SH600808,马钢股份
87,SH603568,伟明环保
88,SH600707,彩虹股份
89,SH603879,永悦科技
0,SH601199,江南水务
1,SH603456,九洲药业
2,SH603318,派思股份
3,SH601567,三星医疗
4,SH600329,中新药业
5,SH601717,郑煤机
6,SH600658,电子城
7,SH600756,浪潮软件
8,SH603950,长源东谷
9,SH603697,有友食品
10,SH601200,上海环境
11,SH601799,星宇股份
12,SH600901,江苏租赁
13,SH600363,联创光电
14,SH603949,雪龙集团
15,SH603708,家家悦
16,SH603043,广州酒家
17,SH601212,白银有色
18,SH600420,现代制药
19,SH600882,妙可蓝多
20,SH600210,紫江企业
21,SH600177,雅戈尔
22,SH600587,新华医疗
23,SH600200,江苏吴中
24,SH600480,凌云股份
25,SH603566,普莱柯
26,SH603106,恒银金融
27,SH603885,吉祥航空
28,SH603360,百傲化学
29,SH600191,华资实业
30,SH603612,索通发展
31,SH600129,太极集团
32,SH600449,宁夏建材
33,SH603808,歌力思
34,SH603703,盛洋科技
35,SH600008,首创股份
36,SH600822,上海物贸
37,SH603721,中广天择
38,SH600203,福日电子
39,SH600027,华电国际
40,SH603169,兰石重装
41,SH600963,岳阳林纸
42,SH600409,三友化工
43,SH600563,法拉电子
44,SH603880,南卫股份
45,SH603035,常熟汽饰
46,SH600477,杭萧钢构
47,SH603987,康德莱
48,SH601018,宁波港
49,SH603323,苏农银行
50,SH600678,四川金顶
51,SH600105,永鼎股份
52,SH600300,维维股份
53,SH600770,综艺股份
54,SH603131,上海沪工
55,SH603626,科森科技
56,SH600353,旭光电子
57,SH603156,养元饮品
58,SH600648,外高桥
59,SH600323,瀚蓝环境
60,SH600704,物产中大
61,SH601992,金隅集团
62,SH603077,和邦生物
63,SH603988,中电电机
64,SH601069,西部黄金
65,SH600903,贵州燃气
66,SH603260,合盛硅业
67,SH603696,安记食品
68,SH601919,中远海控
69,SH600989,宝丰能源
70,SH603489,八方股份
71,SH600375,华菱星马
72,SH603185,上机数控
73,SH601958,金钼股份
74,SH600970,中材国际
75,SH600663,陆家嘴
76,SH600251,冠农股份
77,SH600830,香溢融通
78,SH601869,长飞光纤
79,SH603738,泰晶科技
80,SH600738,兰州民百
81,SH600929,湖南盐业
82,SH603630,拉芳家化
83,SH603638,艾迪精密
84,SH600063,皖维高新
85,SH600299,安迪苏
86,SH600165,新日恒力
87,SH603682,锦和商业
88,SH600764,中国海防
89,SH603617,君禾股份
0,SH600350,山东高速
1,SH600628,新世界
2,SH603577,汇金通
3,SH603299,苏盐井神
4,SH603608,天创时尚
5,SH603859,能科股份
6,SH600141,兴发集团
7,SH603313,梦百合
8,SH600166,福田汽车
9,SH600583,海油工程
10,SH600478,科力远
11,SH600888,新疆众和
12,SH600252,中恒集团
13,SH603919,金徽酒
14,SH600868,梅雁吉祥
15,SH603737,三棵树
16,SH603936,博敏电子
17,SH600011,华能国际
18,SH603739,蔚蓝生物
19,SH603929,亚翔集成
20,SH600167,联美控股
21,SH600824,益民集团
22,SH603020,爱普股份
23,SH600985,淮北矿业
24,SH601577,长沙银行
25,SH603121,华培动力
26,SH603899,晨光文具
27,SH603327,福蓉科技
28,SH603811,诚意药业
29,SH600589,广东榕泰
30,SH600577,精达股份
31,SH600022,山东钢铁
32,SH603528,多伦科技
33,SH600880,博瑞传播
34,SH601399,ST国重装
35,SH603989,艾华集团
36,SH600317,营口港
37,SH603867,新化股份
38,SH603669,灵康药业
39,SH600510,黑牡丹
40,SH603916,苏博特
41,SH603693,江苏新能
42,SH600528,中铁工业
43,SH603505,金石资源
44,SH600512,腾达建设
45,SH600858,银座股份
46,SH600088,中视传媒
47,SH603377,东方时尚
48,SH603668,天马科技
49,SH603516,淳中科技
50,SH603722,阿科力
51,SH603018,中设集团
52,SH600657,信达地产
53,SH600990,四创电子
54,SH600795,国电电力
55,SH603856,东宏股份
56,SH600518,ST康美
57,SH600571,信雅达
58,SH600748,上实发展
59,SH605288,凯迪股份
60,SH603607,京华激光
61,SH603903,中持股份
62,SH603906,龙蟠科技
63,SH603530,神马电力
64,SH603322,超讯通信
65,SH601311,骆驼股份
66,SH603660,苏州科达
67,SH601163,三角轮胎
68,SH603982,泉峰汽车
69,SH601330,绿色动力
70,SH603583,捷昌驱动
71,SH600327,大东方
72,SH600869,智慧能源
73,SH603816,顾家家居
74,SH600557,康缘药业
75,SH603863,松炀资源
76,SH600531,豫光金铅
77,SH600170,上海建工
78,SH600455,博通股份
79,SH603111,康尼机电
80,SH600242,*ST中昌
81,SH600168,武汉控股
82,SH603399,吉翔股份
83,SH601512,中新集团
84,SH603158,腾龙股份
85,SH600538,国发股份
86,SH601666,平煤股份
87,SH600596,新安股份
88,SH601028,玉龙股份
89,SH600825,新华传媒
0,SH603458,勘设股份
1,SH600237,铜峰电子
2,SH603661,恒林股份
3,SH600959,江苏有线
4,SH600626,申达股份
5,SH600664,哈药股份
6,SH603496,恒为科技
7,SH603345,安井食品
8,SH603700,宁水集团
9,SH603662,柯力传感
10,SH601000,唐山港
11,SH603676,卫信康
12,SH603007,花王股份
13,SH600506,香梨股份
14,SH600961,株冶集团
15,SH600874,创业环保
16,SH600968,海油发展
17,SH600336,澳柯玛
18,SH603665,康隆达
19,SH600775,XD南京熊
20,SH601016,节能风电
21,SH600348,阳泉煤业
22,SH601116,三江购物
23,SH600846,同济科技
24,SH600378,昊华科技
25,SH603599,广信股份
26,SH600794,保税科技
27,SH603351,威尔药业
28,SH600328,中盐化工
29,SH600736,苏州高新
30,SH603826,坤彩科技
31,SH603309,维力医疗
32,SH603912,佳力图
33,SH603023,威帝股份
34,SH603385,惠达卫浴
35,SH603508,思维列控
36,SH603515,欧普照明
37,SH600419,天润乳业
38,SH600649,城投控股
39,SH603221,爱丽家居
40,SH600731,湖南海利
41,SH600285,羚锐制药
42,SH603995,甬金股份
43,SH603367,辰欣药业
44,SH600125,铁龙物流
45,SH603123,翠微股份
46,SH600976,健民集团
47,SH600810,神马股份
48,SH600558,大西洋
49,SH600866,星湖科技
50,SH600277,亿利洁能
51,SH603726,朗迪集团
52,SH600172,黄河旋风
53,SH603333,尚纬股份
54,SH601388,怡球资源
55,SH603602,纵横通信
56,SH603319,湘油泵
57,SH603810,丰山集团
58,SH600500,中化国际
59,SH600039,四川路桥
60,SH603390,通达电气
61,SH600928,西安银行
62,SH600158,中体产业
63,SH603348,文灿股份
64,SH603133,碳元科技
65,SH603855,华荣股份
66,SH601999,出版传媒
67,SH601005,重庆钢铁
68,SH600218,全柴动力
69,SH600876,洛阳玻璃
70,SH600740,山西焦化
71,SH603797,联泰环保
72,SH600256,广汇能源
73,SH600533,栖霞建设
74,SH600151,航天机电
75,SH603279,景津环保
76,SH600612,老凤祥
77,SH603595,东尼电子
78,SH601611,XD中国核
79,SH603757,大元泵业
80,SH603876,鼎胜新材
81,SH603776,永安行
82,SH600416,*ST湘电
83,SH603968,醋化股份
84,SH603220,中贝通信
85,SH600592,龙溪股份
86,SH600006,东风汽车
87,SH603803,瑞斯康达
88,SH603959,百利科技
89,SH600476,湘邮科技
0,SH603937,丽岛新材
1,SH601515,东风股份
2,SH600266,城建发展
3,SH603136,天目湖
4,SH601139,深圳燃气
5,SH600995,文山电力
6,SH603766,隆鑫通用
7,SH600396,金山股份
8,SH603208,江山欧派
9,SH605001,威奥股份
10,SH600742,一汽富维
11,SH600130,波导股份
12,SH603616,韩建河山
13,SH600490,鹏欣资源
14,SH603991,至正股份
15,SH603915,国茂股份
16,SH603486,科沃斯
17,SH601866,中远海发
18,SH603183,建研院
19,SH603787,新日股份
20,SH600217,中再资环
21,SH601801,皖新传媒
22,SH603701,德宏股份
23,SH603042,华脉科技
24,SH600674,川投能源
25,SH600461,洪城水业
26,SH603037,凯众股份
27,SH600376,首开股份
28,SH600071,凤凰光学
29,SH603066,音飞储存
30,SH603969,银龙股份
31,SH603886,元祖股份
32,SH603300,华铁应急
33,SH600501,航天晨光
34,SH601828,美凯龙
35,SH600717,天津港
36,SH600491,龙元建设
37,SH603095,越剑智能
38,SH600488,天药股份
39,SH600021,上海电力
40,SH603970,中农立华
41,SH600284,浦东建设
42,SH600308,华泰股份
43,SH600688,上海石化
44,SH603396,金辰股份
45,SH600337,美克家居
46,SH601098,中南传媒
47,SH600388,龙净环保
48,SH603663,三祥新材
49,SH600525,长园集团
50,SH601900,南方传媒
51,SH600345,长江通信
52,SH600973,宝胜股份
53,SH600565,迪马股份
54,SH603536,惠发食品
55,SH600828,茂业商业
56,SH603379,三美股份
57,SH603416,信捷电气
58,SH603579,荣泰健康
59,SH600133,东湖高新
60,SH603010,万盛股份
61,SH600965,福成股份
62,SH603008,喜临门
63,SH601598,中国外运
64,SH603997,继峰股份
65,SH603477,振静股份
66,SH600803,新奥股份
67,SH600229,城市传媒
68,SH600113,浙江东日
69,SH600933,爱柯迪
70,SH603666,亿嘉和
71,SH600582,天地科技
72,SH603357,设计总院
73,SH600479,千金药业
74,SH603180,金牌厨柜
75,SH600448,华纺股份
76,SH600881,亚泰集团
77,SH600692,亚通股份
78,SH600361,华联综超
79,SH600602,云赛智联
80,SH600452,涪陵电力
81,SH603629,利通电子
82,SH600979,广安爱众
83,SH603366,日出东方
84,SH600307,酒钢宏兴
85,SH600642,申能股份
86,SH600520,文一科技
87,SH603977,国泰集团
88,SH603256,宏和科技
89,SH603896,寿仙谷
0,SH600997,开滦股份
1,SH600715,文投控股
2,SH600865,百大集团
3,SH603129,春风动力
4,SH603067,振华股份
5,SH603214,爱婴室
6,SH600398,海澜之家
7,SH600807,济南高新
8,SH603277,银都股份
9,SH603353,和顺石油
10,SH600746,江苏索普
11,SH600387,海越能源
12,SH603056,德邦股份
13,SH601965,中国汽研
14,SH603611,诺力股份
15,SH603013,亚普股份
16,SH600651,*ST飞乐
17,SH603786,科博达
18,SH600377,宁沪高速
19,SH603179,新泉股份
20,SH603948,建业股份
21,SH603181,皇马科技
22,SH603679,华体科技
23,SH603053,XD成都燃
24,SH600787,中储股份
25,SH601929,吉视传媒
26,SH600636,国新文化
27,SH600835,XD上海机
28,SH603843,正平股份
29,SH600136,当代文体
30,SH600331,宏达股份
31,SH603755,日辰股份
32,SH603031,安德利
33,SH603055,台华新材
34,SH601677,明泰铝业
35,SH600996,贵广网络
36,SH600708,光明地产
37,SH600575,淮河能源
38,SH603917,合力科技
39,SH603009,北特科技
40,SH600766,园城黄金
41,SH603687,大胜达
42,SH603639,海利尔
43,SH600693,东百集团
44,SH603032,德新交运
45,SH600710,苏美达
46,SH600123,兰花科创
47,SH600545,卓郎智能
48,SH600119,ST长投
49,SH600184,光电股份
50,SH603610,麒盛科技
51,SH600117,西宁特钢
52,SH600616,金枫酒业
53,SH600694,大商股份
54,SH603978,深圳新星
55,SH600590,泰豪科技
56,SH603326,我乐家居
57,SH600630,龙头股份
58,SH601616,广电电气
59,SH600639,浦东金桥
60,SH600187,国中水务
61,SH603222,济民制药
62,SH600249,两面针
63,SH601969,海南矿业
64,SH600730,中国高科
65,SH603557,起步股份
66,SH603002,宏昌电子
67,SH600962,国投中鲁
68,SH603730,岱美股份
69,SH600148,长春一东
70,SH603897,长城科技
71,SH600439,瑞贝卡
72,SH603088,宁波精达
73,SH600433,冠豪高新
74,SH603729,龙韵股份
75,SH603355,莱克电气
76,SH600281,太化股份
77,SH603238,诺邦股份
78,SH603788,宁波高发
79,SH600713,南京医药
80,SH600023,浙能电力
81,SH600495,晋西车轴
82,SH601228,广州港
83,SH600971,恒源煤电
84,SH600186,莲花健康
85,SH600560,金自天正
86,SH600278,东方创业
87,SH600295,鄂尔多斯
88,SH601003,柳钢股份
89,SH600303,曙光股份
0,SH603956,威派格
1,SH600773,西藏城投
2,SH600697,欧亚集团
3,SH603868,飞科电器
4,SH600078,澄星股份
5,SH600618,氯碱化工
6,SH600611,大众交通
7,SH603619,中曼石油
8,SH603706,东方环宇
9,SH603021,山东华鹏
10,SH600339,中油工程
11,SH603773,沃格光电
12,SH603823,百合花
13,SH601126,四方股份
14,SH603600,永艺股份
15,SH600757,长江传媒
16,SH600146,*ST环球
17,SH603758,秦安股份
18,SH600235,民丰特纸
19,SH603187,海容冷链
20,SH600638,新黄浦
21,SH600623,华谊集团
22,SH603329,上海雅仕
23,SH603298,杭叉集团
24,SH601086,国芳集团
25,SH601127,小康股份
26,SH603979,金诚信
27,SH601898,中煤能源
28,SH601015,陕西黑猫
29,SH600726,华电能源
30,SH600890,中房股份
31,SH603869,新智认知
32,SH601928,凤凰传媒
33,SH603356,华菱精工
34,SH601008,连云港
35,SH603421,鼎信通讯
36,SH603058,永吉股份
37,SH600458,时代新材
38,SH600261,阳光照明
39,SH600288,大恒科技
40,SH600293,三峡新材
41,SH603060,国检集团
42,SH603587,地素时尚
43,SH600499,科达洁能
44,SH603306,华懋科技
45,SH603603,博天环境
46,SH603727,博迈科
47,SH600894,广日股份
48,SH600790,轻纺城
49,SH601002,晋亿实业
50,SH600761,安徽合力
51,SH600397,安源煤业
52,SH603101,汇嘉时代
53,SH601333,广深铁路
54,SH603618,杭电股份
55,SH603790,雅运股份
56,SH600823,世茂股份
57,SH600090,*ST济堂
58,SH601068,中铝国际
59,SH600493,凤竹纺织
60,SH603556,海兴电力
61,SH600759,洲际油气
62,SH603648,畅联股份
63,SH603168,莎普爱思
64,SH600389,江山股份
65,SH600980,北矿科技
66,SH600468,百利电气
67,SH600716,凤凰股份
68,SH600727,鲁北化工
69,SH600569,安阳钢铁
70,SH600381,青海春天
71,SH600106,重庆路桥
72,SH603297,永新光学
73,SH601010,文峰股份
74,SH601918,新集能源
75,SH601798,蓝科高新
76,SH600816,*ST安信
77,SH600139,西部资源
78,SH600753,东方银星
79,SH601366,利群股份
80,SH603039,泛微网络
81,SH600382,广东明珠
82,SH600936,广西广电
83,SH603999,读者传媒
84,SH603029,天鹅股份
85,SH603839,安正时尚
86,SH600096,云天化
87,SH603928,兴业股份
88,SH601858,中国科传
89,SH600896,览海医疗
0,SH603506,南都物业
1,SH600207,安彩高科
2,SH600054,黄山旅游
3,SH600169,太原重工
4,SH600675,中华企业
5,SH601588,北辰实业
6,SH600508,上海能源
7,SH600103,青山纸业
8,SH601678,滨化股份
9,SH603266,天龙股份
10,SH600137,浪莎股份
11,SH603685,晨丰科技
12,SH603716,塞力斯
13,SH603527,众源新材
14,SH603822,嘉澳环保
15,SH600365,通葡股份
16,SH600650,锦江投资
17,SH600791,京能置业
18,SH600548,深高速
19,SH600152,维科技术
20,SH600081,东风科技
21,SH600829,人民同泰
22,SH600579,克劳斯
23,SH603337,杰克股份
24,SH603878,武进不锈
25,SH600679,上海凤凰
26,SH600399,ST抚钢
27,SH600351,XD亚宝药
28,SH603998,方盛制药
29,SH600818,中路股份
30,SH603033,三维股份
31,SH603330,上海天洋
32,SH600481,双良节能
33,SH600826,兰生股份
34,SH603087,甘李药业
35,SH601968,宝钢包装
36,SH603359,东珠生态
37,SH603711,香飘飘
38,SH600395,盘江股份
39,SH603192,汇得科技
40,SH600128,弘业股份
41,SH600505,西昌电力
42,SH600257,大湖股份
43,SH601949,中国出版
44,SH600279,重庆港九
45,SH603335,迪生力
46,SH603378,亚士创能
47,SH601101,昊华能源
48,SH600724,宁波富达
49,SH600400,红豆股份
50,SH600768,宁波富邦
51,SH603681,永冠新材
52,SH601991,大唐发电
53,SH603050,科林电气
54,SH600368,五洲交通
55,SH600052,浙江广厦
56,SH603938,三孚股份
57,SH600734,*ST实达
58,SH600405,动力源
59,SH603016,新宏泰
60,SH600262,北方股份
61,SH603967,中创物流
62,SH603567,珍宝岛
63,SH600322,天房发展
64,SH600020,中原高速
65,SH600613,神奇制药
66,SH603040,新坐标
67,SH603115,海星股份
68,SH600077,宋都股份
69,SH600576,祥源文化
70,SH601369,陕鼓动力
71,SH603918,金桥信息
72,SH600917,重庆燃气
73,SH600007,中国国贸
74,SH600335,国机汽车
75,SH600428,中远海特
76,SH600379,宝光股份
77,SH603303,得邦照明
78,SH600287,江苏舜天
79,SH600509,天富能源
80,SH603203,快克股份
81,SH603100,川仪股份
82,SH601619,嘉泽新能
83,SH603011,合锻智能
84,SH600182,S佳通
85,SH601886,江河集团
86,SH603992,松霖科技
87,SH603045,福达合金
88,SH603388,元成股份
89,SH600863,内蒙华电
0,SH603980,吉华集团
1,SH603767,中马传动
2,SH600722,金牛化工
3,SH603699,纽威股份
4,SH600135,乐凯胶片
5,SH603728,鸣志电器
6,SH603316,诚邦股份
7,SH603166,福达股份
8,SH600877,ST电能
9,SH600220,江苏阳光
10,SH603028,赛福天
11,SH603217,元利科技
12,SH600469,风神股份
13,SH603116,红蜻蜓
14,SH603966,法兰泰克
15,SH600475,华光环能
16,SH600035,楚天高速
17,SH601218,吉鑫科技
18,SH600758,辽宁能源
19,SH600796,钱江生化
20,SH601113,ST华鼎
21,SH603081,大丰实业
22,SH601019,山东出版
23,SH600603,广汇物流
24,SH600573,惠泉啤酒
25,SH603901,永创智能
26,SH603225,新凤鸣
27,SH600178,东安动力
28,SH603933,睿能科技
29,SH600691,阳煤化工
30,SH600960,渤海汽车
31,SH600800,天津磁卡
32,SH603380,易德龙
33,SH603086,先达股份
34,SH600871,石化油服
35,SH600058,五矿发展
36,SH603813,原尚股份
37,SH603768,常青股份
38,SH600076,康欣新材
39,SH603059,倍加洁
40,SH601158,重庆水务
41,SH600686,金龙汽车
42,SH600320,振华重工
43,SH603161,科华控股
44,SH603828,柯利达
45,SH603358,华达科技
46,SH603551,奥普家居
47,SH600526,菲达环保
48,SH603022,新通联
49,SH603226,菲林格尔
50,SH600851,海欣股份
51,SH603817,海峡环保
52,SH603311,金海环境
53,SH603535,嘉诚国际
54,SH600778,友好集团
55,SH600537,亿晶光电
56,SH600593,大连圣亚
57,SH600162,香江控股
58,SH603789,星光农机
59,SH603080,新疆火炬
60,SH603227,雪峰科技
61,SH600386,北巴传媒
62,SH603717,天域生态
63,SH603085,天成自控
64,SH600190,锦州港
65,SH603096,新经典
66,SH603558,健盛集团
67,SH600819,耀皮玻璃
68,SH603286,日盈电子
69,SH603268,松发股份
70,SH603321,梅轮电梯
71,SH603025,大豪科技
72,SH600620,天宸股份
73,SH600354,*ST敦种
74,SH603117,万林物流
75,SH603063,禾望电气
76,SH600236,桂冠电力
77,SH600681,百川能源
78,SH603365,水星家纺
79,SH603519,立霸股份
80,SH600683,京投发展
81,SH603386,广东骏亚
82,SH600269,赣粤高速
83,SH603657,春光科技
84,SH600101,明星电力
85,SH600179,*ST安通
86,SH603900,莱绅通灵
87,SH600653,申华控股
88,SH600853,龙建股份
89,SH601258,ST庞大
0,SH603331,百达精工
1,SH600355,精伦电子
2,SH603709,中源家居
3,SH603339,四方科技
4,SH600981,汇鸿集团
5,SH600883,博闻科技
6,SH603871,嘉友国际
7,SH600209,ST罗顿
8,SH600543,莫高股份
9,SH600156,华升股份
10,SH603167,渤海轮渡
11,SH603223,恒通股份
12,SH600939,重庆建工
13,SH603500,祥和实业
14,SH600889,南京化纤
15,SH600403,大有能源
16,SH601579,会稽山
17,SH603819,神力股份
18,SH600595,ST中孚
19,SH603398,邦宝益智
20,SH600163,中闽能源
21,SH600619,海立股份
22,SH600854,春兰股份
23,SH600213,亚星客车
24,SH600192,长城电工
25,SH603809,豪能股份
26,SH600561,江西长运
27,SH600698,ST天雁
28,SH601811,新华文轩
29,SH600841,上柴股份
30,SH603698,航天工程
31,SH603165,荣晟环保
32,SH600689,上海三毛
33,SH601996,丰林集团
34,SH600983,惠而浦
35,SH600744,华银电力
36,SH603320,迪贝电气
37,SH601107,四川成渝
38,SH600987,航民股份
39,SH603798,康普顿
40,SH603667,五洲新春
41,SH600272,开开实业
42,SH603507,振江股份
43,SH600774,汉商集团
44,SH600227,圣济堂
45,SH600844,丹化科技
46,SH601177,杭齿前进
47,SH600793,宜宾纸业
48,SH600463,空港股份
49,SH600231,凌钢股份
50,SH600684,珠江实业
51,SH600122,*ST宏图
52,SH603178,圣龙股份
53,SH600898,*ST美讯
54,SH600781,*ST辅仁
55,SH600370,三房巷
56,SH600836,*ST界龙
57,SH600429,三元股份
58,SH600798,宁波海运
59,SH600897,厦门空港
60,SH600992,贵绳股份
61,SH603889,新澳股份
62,SH601007,金陵饭店
63,SH600743,华远地产
64,SH600578,京能电力
65,SH603908,牧高笛
66,SH601566,九牧王
67,SH603041,美思德
68,SH603689,皖天然气
69,SH603076,乐惠国际
70,SH603036,如通股份
71,SH600215,*ST经开
72,SH600629,华建集团
73,SH603110,东方材料
74,SH601326,秦港股份
75,SH603015,弘讯科技
76,SH600232,金鹰股份
77,SH600310,桂东电力
78,SH603196,日播时尚
79,SH600180,瑞茂通
80,SH600067,冠城大通
81,SH600785,新华百货
82,SH601882,海天精工
83,SH603680,今创集团
84,SH600843,上工申贝
85,SH600615,丰华股份
86,SH603848,好太太
87,SH600321,正源股份
88,SH601339,百隆东方
89,SH600250,南纺股份
0,SH603332,苏州龙杰
1,SH603017,中衡设计
2,SH600202,哈空调
3,SH600805,悦达投资
4,SH603006,联明股份
5,SH603578,三星新材
6,SH600333,长春燃气
7,SH603126,中材节能
8,SH603656,泰禾光电
9,SH600292,远达环保
10,SH600086,*ST金钰
11,SH600735,新华锦
12,SH603829,洛凯股份
13,SH601500,通用股份
14,SH600661,昂立教育
15,SH603677,奇精机械
16,SH600367,红星发展
17,SH603963,大理药业
18,SH600605,汇通能源
19,SH603585,苏利股份
20,SH600248,延长化建
21,SH600644,乐山电力
22,SH603139,康惠制药
23,SH603278,大业股份
24,SH600969,郴电国际
25,SH603001,奥康国际
26,SH600121,郑州煤电
27,SH600275,ST昌鱼
28,SH600012,皖通高速
29,SH600033,福建高速
30,SH600978,*ST宜生
31,SH600099,林海股份
32,SH600098,广州发展
33,SH600289,*ST信通
34,SH600097,开创国际
35,SH600173,卧龙地产
36,SH600666,ST瑞德
37,SH603159,上海亚虹
38,SH600302,标准股份
39,SH603725,天安新材
40,SH603569,长久物流
41,SH600568,*ST中珠
42,SH603895,天永智能
43,SH603909,合诚股份
44,SH600847,万里股份
45,SH603898,好莱客
46,SH603580,艾艾精工
47,SH601368,绿城水务
48,SH600080,ST金花
49,SH600784,鲁银投资
50,SH600769,祥龙电业
51,SH603098,森特股份
52,SH600483,福能股份
53,SH603315,福鞍股份
54,SH600255,*ST梦舟
55,SH600212,*ST江泉
56,SH603199,九华旅游
57,SH600792,云煤能源
58,SH600082,海泰发展
59,SH603818,曲美家居
60,SH600290,*ST华仪
61,SH600599,*ST熊猫
62,SH603586,金麒麟
63,SH600647,同达创业
64,SH603177,德创环保
65,SH600356,恒丰纸业
66,SH603800,道森股份
67,SH600749,西藏旅游
68,SH603778,乾景园林
69,SH603518,锦泓集团
70,SH600856,*ST中天
71,SH600159,大龙地产
72,SH600530,*ST交昂
73,SH600083,*ST博信
74,SH603628,清源股份
75,SH603955,大千生态
76,SH603615,茶花股份
77,SH600706,曲江文旅
78,SH600608,ST沪科
79,SH603637,镇海股份
80,SH600175,退市美都
81,SH600719,大连热电
82,SH600671,*ST目药
83,SH600149,ST坊展
84,SH603926,铁流股份
85,SH600238,ST椰岛
86,SH600665,XD天地源
87,SH601188,龙江交通
88,SH600982,宁波热电
89,SH600444,国机通用
0,SH603860,中公高科
1,SH600780,通宝能源
2,SH600654,ST中安
3,SH603877,太平鸟
4,SH600555,*ST海创
5,SH603838,四通股份
6,SH601226,华电重工
7,SH603089,正裕工业
8,SH600617,国新能源
9,SH601518,吉林高速
10,SH600857,宁波中百
11,SH603683,晶华新材
12,SH603099,长白山
13,SH603861,白云电器
14,SH600470,*ST六化
15,SH600311,*ST荣华
16,SH603090,宏盛股份
17,SH600652,ST游久
18,SH603188,ST亚邦
19,SH603269,海鸥股份
20,SH603038,华立股份
21,SH600721,ST百花
22,SH600714,金瑞矿业
23,SH600821,*ST劝业
24,SH600892,*ST大晟
25,SH600767,ST运盛
26,SH600189,吉林森工
27,SH600421,ST仰帆
28,SH600408,ST安泰
29,SH600870,ST厦华
30,SH600225,*ST松江
31,SH600280,*ST中商
32,SH600301,ST南化
33,SH600860,*ST京城
34,SH600696,ST岩石
35,SH603958,哈森股份
36,SH600358,*ST联合
37,SH600084,ST中葡
38,SH600193,ST创兴
39,SH600091,ST明科
40,SH603157,*ST拉夏
41,SH600725,ST云维
42,SH600815,*ST厦工
43,SH600319,ST亚星
44,SH600247,*ST成城
45,SH603555,*ST贵人
46,SH600817,ST宏盛
47,SH600462,*ST九有
48,SH600539,ST狮头
49,SH600956,新天绿能
50,SH600687,*ST刚泰
51,SH600423,ST柳化
52,SH600112,ST天成
53,SH600634,*ST富控
54,SH603389,*ST亚振
55,SH603996,*ST中新
56,SH601599,鹿港文化
57,SH600241,*ST时万
58,SH600385,ST金泰
59,SH600306,*ST商城
60,SH600234,ST山水
61,SH600265,ST景谷
62,SH600243,*ST海华
63,SH600228,ST昌九
64,SH603488,展鹏科技
65,SH600226,*ST瀚叶
66,SH603779,ST威龙
67,SH600145,*ST新亿
68,SH605199,葫芦娃
69,SH600069,退市银鸽
70,SH603922,金鸿顺
71,SH600460,士兰微
72,SH603633,徕木股份
73,SH600999,招商证券
74,SH600485,*ST信威
75,SH600610,*ST毅达
76,SH600267,海正药业
77,SH600891,*ST秋林
78,SH600701,*ST工新
79,SH600614,*ST鹏起
80,SH600677,*ST航通
